{"Alabama": 29.892500000000002, "Mississippi": 30.12957746478873, "Arkansas": 30.60169491525424, "Kentucky": 31.028169014084508, "Puerto Rico": 40.6275}