{"Alabama": 26.413636363636364, "Oklahoma": 25.171428571428574, "Texas": 25.108695652173914, "Mississippi": 23.83225806451613, "Puerto Rico": 17.875}