{"Alabama": 35.12266666666667, "Arkansas": 35.42567567567568, "Louisiana": 36.26619718309859, "Mississippi": 36.50694444444444, "West Virginia": 36.800000000000004}