{"Louisiana": 24.50625, "New Mexico": 24.535714285714285, "Guam": 26.757142857142856, "Virgin Islands": 27.264285714285712, "Puerto Rico": 39.89}