{"Kentucky": 15.831578947368422, "Tennessee": 15.735483870967743, "West Virginia": 15.733333333333333, "Mississippi": 15.505714285714287, "Puerto Rico": 9.909090909090908}