{"Alaska": 35.90277777777778, "New Jersey": 36.080597014925374, "Montana": 36.17826086956522, "Nevada": 36.358333333333334, "Puerto Rico": 36.986363636363635}