{"Oklahoma": 43.755172413793105, "Alabama": 43.403571428571425, "Tennessee": 42.82592592592592, "Mississippi": 42.52333333333333, "Puerto Rico": 37.32}